Product Name,Price,Description,Ratings
Asus VivoBook,$295.99 ,"Asus VivoBook X441NA-GA190 Chocolate Black, 14"", Celeron N3450, 4GB, 128GB SSD, Endless OS, ENG kbd",3 stars
Prestigio Smar,$299 ,"Prestigio SmartBook 133S Dark Grey, 13.3"" FHD IPS, Celeron N3350 1.1GHz, 4GB, 32GB, Windows 10 Pro + Office 365 1 gadam",2 stars
Prestigio Smar,$299 ,"Prestigio SmartBook 133S Gold, 13.3"" FHD IPS, Celeron N3350 1.1GHz, 4GB, 32GB, Windows 10 Pro + Office 365 1 gadam",4 stars
Aspire E1-510,$306.99 ,"15.6"", Pentium N3520 2.16GHz, 4GB, 500GB, Linux",3 stars
Lenovo V110-15,$321.94 ,"Lenovo V110-15IAP, 15.6"" HD, Celeron N3350 1.1GHz, 4GB, 128GB SSD, Windows 10 Home",3 stars
Lenovo V110-15,$356.49 ,"Asus VivoBook 15 X540NA-GQ008T Chocolate Black, 15.6"" HD, Pentium N4200, 4GB, 500GB, Windows 10 Home, En kbd",2 stars
Hewlett Packar,$364.46 ,"Hewlett Packard 250 G6 Dark Ash Silver, 15.6"" HD, Celeron N3060 1.6GHz, 4GB, 128GB SSD, DOS",1 stars
Acer Aspire 3,$372.70 ,"Acer Aspire 3 A315-31 Black, 15.6"" HD, Celeron N3350 1.1GHz, 4GB, 128GB SSD, Windows 10 Home",2 stars
Acer Aspire A3,$379.94 ,"Acer Aspire A315-31-C33J Black 15.6"", HD, Celeron N3350, 4GB DDR3L, 128GB, Windows 10 Home, ENG",2 stars
,,,
,,,
Acer Aspire 3,$393.88 ,"Acer Aspire 3 A315-21, 15.6"", AMD A4-9120. 4GB. 128GB SSD, Linux",3 stars
Asus VivoBook,$399 ,"Asus VivoBook Max X541NA-GQ041 Black Chocolate, 15.6"" HD, Pentium N4200 1.1GHz, 4GB, 500GB, Windows 10 Home",1 stars
Asus VivoBook,$399.99 ,"Asus VivoBook E502NA-GO022T Dark Blue, 15.6"" HD, Pentium N4200 1.1GHz, 4GB, 128GB SSD, Windows 10 Home, En/Ru kbd",4 stars
Lenovo ThinkPa,$404.23 ,"Lenovo ThinkPad E31-80, 13.3"" HD, Celeron 3855U 1.6GHz, 4GB, 128GB SSD, Windows 10 Home",1 stars
Acer Aspire 3,$408.98 ,"Acer Aspire 3 A315-31 Black, 15.6"" HD, Pentium N4200 1.1GHz, 4GB, 128GB SSD, Windows 10 Home",4 stars
Lenovo V110-15,$409.63 ,"Lenovo V110-15ISK, 15.6"" HD, Core i3-6006U, 8GB, 128GB SSD, Windows 10 Home",3 stars
Acer Aspire ES,$410.46 ,"Acer Aspire ES1-732 Black, 17.3"" HD+, Celeron, N3350, 4GB, 1TB, Windows 10 Home",4 stars
Asus VivoBook,$410.66 ,"Asus VivoBook 15 X540NA-GQ026T Chocolate Black, 15.6"" HD, Pentium N4200, 4GB, 128GB SSD, Windows 10 Home, En/Ru kbd",4 stars
Packard 255 G2,$416.99 ,"15.6"", AMD E2-3800 1.3GHz, 4GB, 500GB, Windows 8.1",2 stars
Asus EeeBook R,$433.30 ,"Asus EeeBook R416NA-FA014T, 14"" FHD, Pentium N4200, 4GB, 128GB eMMC, Windows 10 Home, Eng kbd",1 stars
Acer Aspire 3,$436.29 ,"Acer Aspire 3 A315-51, 15.6"" HD, Core i3-6006U, 4GB, 1TB, Windows 10 Home",1 stars
Acer Aspire ES,$436.29 ,"Acer Aspire ES1-572 Black, 15.6"" HD, Core i3-6006U, 4GB, 500GB, Windows 10 Home",1 stars
Acer Extensa 1,$439.73 ,"Acer Extensa 15 (2540) Black, 15.6"" HD, Core i5-7200U, 4GB, 500GB, Linux",4 stars
Acer Aspire ES,$454.62 ,"Acer Aspire ES1-572 Black, 15.6"" HD, Core i5-7200U, 4GB, 500GB, Linux",1 stars
Lenovo V110-15,$454.73 ,"Lenovo V110-15ISK, 15.6"" HD, Core i3-6006U, 4GB, 128GB SSD, Windows 10 Pro",2 stars
Acer Aspire A3...,$457.38 ,"Acer Aspire A315-51-33TG, Black 15.6"" HD, Core i3-7100U, 4GB DDR4, 128GB SSD, Windows 10 Home, ENG",3 stars
Lenovo V110-15...,$465.95 ,"Lenovo V110-15IKB, 15.6"" HD, Core i5-7200U, 4GB, 500GB, DOS",1 stars
Asus VivoBook...,$468.56 ,"Asus VivoBook 15 X540UA-DM260 Chocolate Black, 15.6"" FHD, Core i3-6006U, 4GB, 256GB SSD, Endless OS, En kbd",3 stars
Acer Aspire ES...,$469.10 ,"Acer Aspire ES1-572 Black, 15.6"" HD, Core i3-6006U, 4GB, 128GB SSD, Windows 10 Home",3 stars
Lenovo V510 Bl...,$484.23 ,"Lenovo V510 Black, 14"" HD, Core i3-6006U, 4GB, 128GB SSD, Windows 10 Home",3 stars
Acer Aspire ES...,$485.90 ,"Acer Aspire ES1-572 Black, 15.6"" HD, Core i5-7200U, 4GB, 128GB SSD, Linux",3 stars
Lenovo V510 Bl...,$487.80 ,"Lenovo V510 Black, 15.6"" HD, Core i3-6006U, 4GB, 128GB SSD, Windows 10 Home",2 stars
Acer Swift 1 S...,$488.64 ,"Acer Swift 1 SF113-31 Silver, 13.3"" FHD, Pentium N4200, 4GB, 128GB SSD, Windows 10 Home",3 stars
Dell Vostro 15,$488.78 ,"Dell Vostro 15 (3568) Black, 15.6"" FHD, Core i5-7200U, 4GB, 128GB SSD, Radeon R5 M420 2GB, Linux",4 stars
Acer Aspire 3...,$494.71 ,"Acer Aspire 3 A315-51 Black, 15.6"" FHD, Core i3-7100U, 4GB, 500GB + 128GB SSD, Windows 10 Home",4 stars
Dell Vostro 15...,$497.17 ,"Dell Vostro 15 (3568) Red, 15.6"" HD, Core i5-7200U, 4GB, 1TB, Radeon R5 M420 2GB, Linux",1 stars
Lenovo V510 Bl...,$498.23 ,"Lenovo V510 Black, 15.6"" FHD, Core i3-7100U, 4GB, 128GB SSD, Windows 10 Pro",3 stars
HP 250 G3,$520.99 ,"15.6"", Core i5-4210U, 4GB, 500GB, Windows 8.1",2 stars
Acer Spin 5,$564.98 ,"Acer Spin 5 SP513-51 Black, 13.3"" FHD Touch, Core i3-7100U, 4GB, 128GB SSD, Windows 10 Home",2 stars
HP 350 G1,$577.99 ,"15.6"", Core i5-4200U, 4GB, 750GB, Radeon HD8670M 2GB, Windows",2 stars
Aspire E1-572G,$581.99 ,"15.6"", Core i5-4200U, 8GB, 1TB, Radeon R7 M265, Windows 8.1",1 stars
Pavilion,$609.99 ,"15.6"", Core i5-4200U, 6GB, 750GB, Windows 8.1",1 stars
Acer Aspire A5...,$679 ,"Acer Aspire A515-51-5654, Black, 15.6"", FHD, Core i5-8250U, 8GB DDR4, 256GB SSD, Windows 10 Home, ENG",2 stars
Dell Inspiron...,$679 ,"Dell Inspiron 15 (5567) Fog Gray, 15.6"" FHD, Core i5-7200U, 8GB, 1TB, Radeon R7 M445 4GB, Linux",2 stars
Asus VivoBook...,$729 ,"Asus VivoBook S14 (S406UA-BV041T) Starry Grey, 14"", Core i5-8250U, 8GB, 256GB SSD, Windows 10 Home, Eng kbd",1 stars
ProBook,$739.99 ,"14"", Core i5 2.6GHz, 4GB, 500GB, Win7 Pro 64bit",4 stars
Inspiron 15,$745.99 ,"Moon Silver, 15.6"", Core i7-4510U, 8GB, 1TB, Radeon HD R7 M265 2GB,",3 stars
Asus ROG STRIX...,$799 ,"Asus ROG STRIX GL553VD-DM256, 15.6"" FHD, Core i5-7300HQ, 8GB, 1TB, GeForce GTX 1050 2GB, No OS",2 stars
Acer Nitro 5 A...,$809 ,"Acer Nitro 5 AN515-51, 15.6"" FHD IPS, Core i5-7300HQ, 8GB, 1TB, GeForce GTX 1050 2GB, Windows 10 Home",1 stars
Asus ROG STRIX...,$899 ,"Asus ROG STRIX GL553VD-DM256, 15.6"" FHD, Core i5-7300HQ, 8GB, 1TB, GeForce GTX 1050 2GB, No OS + Windows 10 Home",1 stars
Lenovo ThinkPa...,$999 ,"Lenovo ThinkPad L570, 15.6"" FHD, Core i7-7500U, 8GB, 256GB SSD, Windows 10 Pro",3 stars
ThinkPad Yoga,"$1,033.99 ","12.5"" Touch, Core i3-4010U, 4GB, 500GB + 16GB SSD Cache,",2 stars
Lenovo ThinkPa...,"$1,096.02 ","Lenovo ThinkPad L460, 14"" FHD IPS, Core i7-6600U, 8GB, 256GB SSD, Windows 10 Pro",4 stars
Dell Inspiron...,"$1,098.42 ","Dell Inspiron 15 (7567) Black, 15.6"" FHD, Core i5-7300HQ, 8GB, 256GB SSD, GeForce GTX 1050 4GB, Windows 10 Home",1 stars
MSI GL72M 7RDX,"$1,099 ","MSI GL72M 7RDX, 17.3"" FHD, Core i5-7300HQ, 8GB, 1TB + 128GB SSD, GeForce GTX 1050 2GB, Windows 10 Home",4 stars
MSI GL72M 7RDX,"$1,099 ","Asus ROG Strix GL553VD-DM535T, 15.6"" FHD, Core i7-7700HQ, 8GB, 1TB + 128GB SSD, GeForce GTX 1050 2GB, Windows 10 Home, Eng kbd",1 stars
Asus ROG Strix...,"$1,101.83 ","Apple MacBook Air 13.3"", Core i5 1.8GHz, 8GB, 128GB SSD, Intel HD 4000, RUS",2 stars
Dell Latitude...,"$1,102.66 ","Dell Latitude 5280, 12.5"" HD, Core i5-7300U, 8GB, 256GB SSD, Windows 10 Pro",1 stars
Dell Latitude...,"$1,110.14 ","Dell Latitude 5480, 14"" FHD, Core i5-7300U, 8GB, 500GB, Linux + Windows 10 Home",3 stars
Lenovo Legion...,"$1,112.91 ","Lenovo Legion Y520-15IKBM, Black, 15.6"" FHD IPS, Core i5-7300HQ, 8 GB, 128GB SSD + 2 TB HDD, NVIDIA GeForce GTX 1060 6 GB, FreeDOS + Windows 10 Home",4 stars
Toshiba Porteg...,"$1,114.55 ","Toshiba Portege Z30-C-16J Grey, 13.3"" FHD, Core i5-6200U, 8GB, 256GB SSD, Windows 10 Pro",1 stars
Acer Predator...,"$1,123.87 ","Acer Predator Helios 300 (PH317-51), 17.3"" FHD IPS, Core i5-7300HQ, 8GB, 1TB + 128GB SSD, GeForce GTX 1050Ti 4GB, Windows 10 Home",2 stars
Acer Aspire 7...,"$1,123.87 ","Acer Aspire 7 A715-71G, 15.6"" FHD IPS, Core i7-7700HQ, 8GB, 128GB SSD + 1TB HDD, GTX 1050 Ti 4GB, Windows 10 Home",2 stars
Dell Inspiron...,"$1,124.20 ","Dell Inspiron 17 2in1 (7779) Silver, 17.3"" FHD Touch, Core i5-7200U, 12GB, 1TB, GeForce GT940MX 2GB, Windows 10 Home",3 stars
Dell Latitude...,"$1,133.82 ","Dell Latitude 5480, 14"" FHD, Core i5-7300U, 8GB, 500GB, Windows 10 Pro",4 stars
Lenovo Legion...,"$1,133.91 ","Lenovo Legion Y520, 15.6"" FHD, Core i7-7700HQ, 8GB, 128 GB SSD + 1TB HDD, GTX 1050 4GB, Windows 10 Home",1 stars
Asus AsusPro A...,"$1,139.54 ","Asus AsusPro Advanced BU401LA-FA271G Dark Grey, 14"", Core i5-4210U, 4GB, 128GB SSD, Win7 Pro 64bit, ENG",3 stars
Acer Nitro 5 A...,"$1,140.62 ","Acer Nitro 5 AN515-51, 15.6"" FHD IPS, Core i7-7700HQ, 8GB, 256GB SSD +1TB, GeForce GTX 1050 Ti 4GB, Windows 10 Home + Windows 10 Home",3 stars
Dell Latitude...,"$1,143.40 ","Dell Latitude 5480, 14"" FHD, Core i5-7440HQ, 8GB, 256GB SSD, Windows 10 Pro",4 stars
Dell Inspiron...,"$1,144.20 ","Dell Inspiron 15 (7567) Black, 15.6"" FHD, Core i7-7700HQ, 8GB, 1TB, GeForce GTX 1050 Ti 4GB, Linux + Windows 10 Home",1 stars
Dell Latitude...,"$1,144.40 ","Dell Latitude 5580, 15.6"" FHD, Core i5-7300U, 8GB, 256GB SSD, Windows 10 Pro",3 stars
Lenovo Legion...,"$1,149 ","Lenovo Legion Y520-15IKBM, 15.6"" FHD IPS, Core i7-7700HQ, 8GB, 128GB SSD + 1TB, GeForce GTX 1060 Max-Q 6GB, DOS",3 stars
MSI GP62M 7RDX...,"$1,149 ","MSI GP62M 7RDX Leopard, 15.6"" FHD, Core i7-7700HQ, 8GB, 1TB + 128GB SSD, GeForce GTX 1050 2GB, Windows 10 Home",1 stars
Lenovo Yoga 72...,"$1,149.73 ","Lenovo Yoga 720 Grey, 15.6"" FHD IPS, Core i5-7300HQ, 8GB, 256GB SSD, GeForce GTX 1050 2GB, Windows 10 Home",2 stars
Toshiba Porteg...,"$1,154.04 ","Toshiba Portege Z30-C-16L Grey, 13.3"" FHD, Core i7-6500U, 8GB, 256GB SSD, Windows 10 Pro",1 stars
Acer TravelMat...,"$1,170.10 ","Acer TravelMate P645-S-511A Black, 14"" FHD IPS, Core i5-5200U, 8GB, 256GB SSD, 3G, Windows 10 Pro",1 stars
Dell Latitude...,"$1,178.19 ","Dell Latitude 5580, 15.6"" FHD, Core i5-7300U, 16GB, 256GB SSD, Linux + Windows 10 Home",3 stars
ThinkPad T540p,"$1,178.99 ","15.6"", Core i5-4200M, 4GB, 500GB, Win7 Pro 64bit",1 stars
MSI GS63 7RD S...,"$1,179 ","MSI GS63 7RD Stealth, 15.6"" FHD IPS, Core i7-7700HQ, 8GB, 256GB SSD, GeForce GTX 1050 2GB, DOS + Windows 10 Home",1 stars
Dell Latitude...,"$1,187.88 ","Dell Latitude 5480, 14"" FHD, Core i5-7300U, 8GB, 256GB SSD, Windows 10 Pro",3 stars
Acer Predator...,"$1,187.98 ","Acer Predator Helios 300 (PH317-51), 17.3"" FHD IPS, Core i7-7700HQ. 8GB, 128GB SSD +1TB, GeForce GTX 1050Ti 4GB, Linux + Windows 10 Home",3 stars
MSI GL62M 7REX,"$1,199 ","MSI GL62M 7REX, 15.6"" FHD, Core i7-7700HQ, 8GB, 1TB + 128GB SSD, GeForce GTX 1050 Ti 2GB, Windows 10 Home",1 stars
MSI GL62M 7REX...,"$1,199 ","MSI GL62M 7REX2, 15.6"" FHD, Core i7-7700HQ, 8GB, 1TB + 128GB SSD, GeForce GTX 1050 Ti 2GB, Windows 10 Home",2 stars
Lenovo Yoga 91...,"$1,199.73 ","Lenovo Yoga 910 Grey, 13.9"" FHD Touch, Core i5-7200U, 8GB, 256GB SSD, Windows 10 Home",3 stars
Toshiba Porteg...,"$1,203.41 ","Toshiba Portege X30-D-10J Black/Blue, 13.3"" FHD IPS, Core i5-7200U, 8GB, 256GB SSD, Windows 10 Pro",4 stars
Lenovo IdeaPad...,"$1,212.16 ","Lenovo IdeaPad Miix 510 Platinum Silver, 12.2"" IPS Touch, Core i5-7200U, 8GB, 256GB SSD, 4G, Windows 10 Pro",4 stars
Acer Predator...,"$1,221.58 ","Acer Predator Helios 300 (PH317-51), 17.3"" FHD IPS, Core i7-7700HQ, 8GB, 1TB + 128GB SSD, GeForce GTX 1050 Ti 4GB, Windows 10 Home",1 stars
ThinkPad Yoga,"$1,223.99 ","12.5"" Touch, Core i5 4200U, 8GB, 500GB + 16GB SSD Cache, Windows",3 stars
Asus VivoBook...,"$1,235.49 ","Asus VivoBook Pro 15 N580VN-FI006T Gold Metal, 15.6"" UHD, Core i7-7700HQ, 16GB, 1TB + 256GB SSD, GeForce MX150 2GB, Windows 10 Home, Eng kbd",2 stars
Dell Latitude...,"$1,238.37 ","Dell Latitude 5480, 14"" FHD, Core i7-7600U, 8GB, 256GB SSD, Linux",2 stars
Asus ZenBook U...,"$1,239.20 ","Asus ZenBook UX530UX-FY040T Blue, 15.6"" FHD, Core i7-7500U, 8GB, 512GB SSD, GeForce GTX950M 2GB, Windows 10 Home, Eng kbd",1 stars
ThinkPad X230,"$1,244.99 ","12.5"", Core i5 2.6GHz, 8GB, 180GB SSD, Win7 Pro 64bit",3 stars
Asus ROG Strix...,"$1,259 ","Asus ROG Strix GL753VE-GC096T, 17.3"" FHD, Core i7-7700HQ, 8GB, 1TB + 128GB SSD, GeForce GTX 1050 Ti 4GB, Windows 10 Home, Eng kbd",4 stars
Apple MacBook...,"$1,260.13 ","Apple MacBook Air 13"", i5 1.8GHz, 8GB, 256GB SSD, Intel HD 6000, ENG",4 stars
Dell Latitude...,"$1,271.06 ","Dell Latitude 5480, 14"" FHD, Core i7-7600U, 8GB, 1TB, GeForce GT930MX, Windows 10 Pro",1 stars
Hewlett Packar...,"$1,273.11 ","Hewlett Packard Spectre 13-v106na Dark Ash Silver, 13.3"" FHD IPS, Core i5-7200U, 8GB, 256GB SSD, Windows 10 Home",3 stars
Dell XPS 13,"$1,281.99 ","13.3"" Touch, Core i5-4210U, 8GB, 128GB SSD, Windows 8.1",3 stars
Toshiba Porteg...,"$1,294.74 ","Toshiba Portege Z30-C-16K Grey, 13.3"" FHD, Core i5-6200U, 8GB, 256GB SSD, 4G, Windows 10 Pro",1 stars
MSI GL62VR 7RF...,"$1,299 ","MSI GL62VR 7RFX, 15.6"" FHD, Core i7-7700HQ, 8GB, 1TB + 256GB SSD, GeForce GTX 1060 3GB, Windows 10 Home",3 stars
Dell Latitude...,"$1,310.39 ","Dell Latitude 5480, 14"" FHD, Core i7-7600U, 8GB, 256GB SSD, Windows 10 Pro",3 stars
ThinkPad X240,"$1,311.99 ","12.5"", Core i5-4300U, 8GB, 240GB SSD, Win7 Pro 64bit",3 stars
Hewlett Packar...,"$1,326.83 ","Hewlett Packard ProBook 640 G3, 14"" FHD, Core i7-7600U, 8GB, 256GB SSD, Windows 10 Pro",1 stars
Apple MacBook...,"$1,333 ","Apple MacBook Pro 13"" Space Gray, Core i5 2.3GHz, 8GB, 128GB SSD, Iris Plus 640, ENG",1 stars
Dell Latitude...,"$1,337.28 ","Dell Latitude 5580, 15.6"" FHD, Core i7-7600U, 8GB, 256GB SSD, GeForce GT930MX, Windows 10 Pro",1 stars
Dell Latitude...,"$1,338.37 ","Dell Latitude 5480, 14"" FHD, Core i7-7600U, 8GB, 256GB SSD, Linux + Windows 10 Home",2 stars
Dell Latitude...,"$1,341.22 ","Dell Latitude 5580, 15.6"" FHD, Core i7-7600U, 16GB, 256GB SSD, GeForce GT930MX, Linux",3 stars
Apple MacBook...,"$1,347.78 ","Apple MacBook Air 13"", Intel Core i5 1.8GHz, 8GB, 256GB SSD, Intel HD 6000, RUS",2 stars
Lenovo ThinkPa...,"$1,349.23 ","Lenovo ThinkPad T470, 14"" FHD IPS, Core i5-7200U, 8GB, 256GB SSD, Windows 10 Pro",1 stars
Lenovo ThinkPa...,"$1,362.24 ","Lenovo ThinkPad Yoga 370 Black, 13.3"" FHD IPS Touch, Core i5-7200U, 8GB, 256GB SSD, 4G, Windows 10 Pro",2 stars
Toshiba Porteg...,"$1,366.32 ","Toshiba Portege X20W-D-10V Black/Blue, 12.5"" FHD Touch, Core i7-7500U, 8GB, 512GB SSD, Windows 10 Pro",1 stars
Asus ASUSPRO B...,"$1,381.13 ","Asus ASUSPRO B9440UA-GV0279R Gray, 14"" FHD, Core i7-7500U, 16GB, 512GB SSD, Windows 10 Pro, Eng kbd",1 stars
Lenovo Legion...,"$1,399 ","Lenovo Legion Y720, 15.6"" FHD IPS, Core i7-7700HQ, 8GB, 128GB SSD + 2TB HDD, GeForce GTX 1060 6GB, DOS, RGB backlit keyboard",3 stars
Asus ROG Strix...,"$1,399 ","Asus ROG Strix GL702VM-GC146T, 17.3"" FHD, Core i7-7700HQ, 8GB, 1TB + 128GB SSD, GeForce GTX 1060 3GB, Windows 10 Home, Eng kbd",3 stars
Asus ROG Strix...,"$1,769 ","Asus ROG Strix GL702ZC-GC154T, 17.3"" FHD, Ryzen 7 1700, 16GB, 256GB + 1TB HDD, Radeon RX 580 4GB, Windows 10 Home",4 stars
Asus ROG Strix...,"$1,769 ","Asus ROG Strix GL702ZC-GC209T, 17.3"" FHD IPS, Ryzen 7 1700, 16GB, 256GB SSD + 1TB HDD, Radeon RX 580 4GB, Windows 10 Home",1 stars
Asus ROG Strix...,"$1,799 ","Asus ROG Strix SCAR Edition GL503VM-ED115T, 15.6"" FHD 120Hz, Core i7-7700HQ, 16GB, 256GB SSD + 1TB SSHD, GeForce GTX 1060 6GB, Windows 10 Home",3 stars
